Country,Year,Adult_Mortality,Infant_Deaths,Alcohol,Percentage_Expenditure,BMI,HIV_AIDS,GDP,Schooling,Life_Expectancy
Afghanistan,2015,263,62,0.01,71,19.1,0.1,584.25921,10.1,60.0
Afghanistan,2014,271,64,0.02,70,19.0,0.1,612.69667,10.0,59.5
Albania,2015,81,10,4.3,62,25.5,0.0,6767.894,13.0,78.3
Albania,2014,83,11,4.2,61,25.4,0.0,6760.659,13.0,78.0
Algeria,2015,88,16,0.7,63,25.2,0.1,6053.056,11.5,76.3
Algeria,2014,91,17,0.6,62,25.0,0.1,5957.885,11.3,75.9
